<annotation>
	<folder>images</folder>
	<filename>10.jpg</filename>
	<path>E:\yeast\train\images\10.jpg</path>
	<source>
		<database>Unknown</database>
	</source>
	<size>
		<width>2448</width>
		<height>2048</height>
		<depth>1</depth>
	</size>
	<segmented>0</segmented>
	<object>
		<name>yeast</name>
		<pose>Unspecified</pose>
		<truncated>0</truncated>
		<difficult>0</difficult>
		<bndbox>
			<xmin>1345</xmin>
			<ymin>704</ymin>
			<xmax>1459</xmax>
			<ymax>820</ymax>
		</bndbox>
	</object>
	<object>
		<name>yeast</name>
		<pose>Unspecified</pose>
		<truncated>0</truncated>
		<difficult>0</difficult>
		<bndbox>
			<xmin>849</xmin>
			<ymin>761</ymin>
			<xmax>1019</xmax>
			<ymax>892</ymax>
		</bndbox>
	</object>
	<object>
		<name>yeast</name>
		<pose>Unspecified</pose>
		<truncated>0</truncated>
		<difficult>0</difficult>
		<bndbox>
			<xmin>741</xmin>
			<ymin>644</ymin>
			<xmax>896</xmax>
			<ymax>791</ymax>
		</bndbox>
	</object>
	<object>
		<name>yeast</name>
		<pose>Unspecified</pose>
		<truncated>0</truncated>
		<difficult>0</difficult>
		<bndbox>
			<xmin>767</xmin>
			<ymin>1099</ymin>
			<xmax>932</xmax>
			<ymax>1236</ymax>
		</bndbox>
	</object>
	<object>
		<name>yeast</name>
		<pose>Unspecified</pose>
		<truncated>0</truncated>
		<difficult>0</difficult>
		<bndbox>
			<xmin>552</xmin>
			<ymin>1232</ymin>
			<xmax>715</xmax>
			<ymax>1396</ymax>
		</bndbox>
	</object>
	<object>
		<name>yeast</name>
		<pose>Unspecified</pose>
		<truncated>0</truncated>
		<difficult>0</difficult>
		<bndbox>
			<xmin>541</xmin>
			<ymin>1420</ymin>
			<xmax>703</xmax>
			<ymax>1560</ymax>
		</bndbox>
	</object>
	<object>
		<name>yeast</name>
		<pose>Unspecified</pose>
		<truncated>0</truncated>
		<difficult>0</difficult>
		<bndbox>
			<xmin>264</xmin>
			<ymin>1008</ymin>
			<xmax>404</xmax>
			<ymax>1156</ymax>
		</bndbox>
	</object>
	<object>
		<name>yeast</name>
		<pose>Unspecified</pose>
		<truncated>0</truncated>
		<difficult>0</difficult>
		<bndbox>
			<xmin>369</xmin>
			<ymin>1232</ymin>
			<xmax>520</xmax>
			<ymax>1365</ymax>
		</bndbox>
	</object>
	<object>
		<name>yeast</name>
		<pose>Unspecified</pose>
		<truncated>0</truncated>
		<difficult>0</difficult>
		<bndbox>
			<xmin>428</xmin>
			<ymin>1363</ymin>
			<xmax>545</xmax>
			<ymax>1477</ymax>
		</bndbox>
	</object>
	<object>
		<name>yeast</name>
		<pose>Unspecified</pose>
		<truncated>0</truncated>
		<difficult>0</difficult>
		<bndbox>
			<xmin>179</xmin>
			<ymin>1516</ymin>
			<xmax>311</xmax>
			<ymax>1655</ymax>
		</bndbox>
	</object>
	<object>
		<name>yeast</name>
		<pose>Unspecified</pose>
		<truncated>0</truncated>
		<difficult>0</difficult>
		<bndbox>
			<xmin>159</xmin>
			<ymin>1644</ymin>
			<xmax>283</xmax>
			<ymax>1752</ymax>
		</bndbox>
	</object>
	<object>
		<name>yeast</name>
		<pose>Unspecified</pose>
		<truncated>0</truncated>
		<difficult>0</difficult>
		<bndbox>
			<xmin>544</xmin>
			<ymin>1785</ymin>
			<xmax>655</xmax>
			<ymax>1896</ymax>
		</bndbox>
	</object>
	<object>
		<name>yeast</name>
		<pose>Unspecified</pose>
		<truncated>0</truncated>
		<difficult>0</difficult>
		<bndbox>
			<xmin>925</xmin>
			<ymin>1793</ymin>
			<xmax>1051</xmax>
			<ymax>1908</ymax>
		</bndbox>
	</object>
	<object>
		<name>yeast</name>
		<pose>Unspecified</pose>
		<truncated>0</truncated>
		<difficult>0</difficult>
		<bndbox>
			<xmin>845</xmin>
			<ymin>1876</ymin>
			<xmax>952</xmax>
			<ymax>1975</ymax>
		</bndbox>
	</object>
	<object>
		<name>yeast</name>
		<pose>Unspecified</pose>
		<truncated>0</truncated>
		<difficult>0</difficult>
		<bndbox>
			<xmin>1043</xmin>
			<ymin>1875</ymin>
			<xmax>1181</xmax>
			<ymax>2007</ymax>
		</bndbox>
	</object>
	<object>
		<name>yeast</name>
		<pose>Unspecified</pose>
		<truncated>0</truncated>
		<difficult>0</difficult>
		<bndbox>
			<xmin>1157</xmin>
			<ymin>1692</ymin>
			<xmax>1292</xmax>
			<ymax>1824</ymax>
		</bndbox>
	</object>
	<object>
		<name>yeast</name>
		<pose>Unspecified</pose>
		<truncated>0</truncated>
		<difficult>0</difficult>
		<bndbox>
			<xmin>1332</xmin>
			<ymin>1709</ymin>
			<xmax>1453</xmax>
			<ymax>1812</ymax>
		</bndbox>
	</object>
	<object>
		<name>yeast</name>
		<pose>Unspecified</pose>
		<truncated>0</truncated>
		<difficult>0</difficult>
		<bndbox>
			<xmin>1231</xmin>
			<ymin>1371</ymin>
			<xmax>1368</xmax>
			<ymax>1529</ymax>
		</bndbox>
	</object>
	<object>
		<name>yeast</name>
		<pose>Unspecified</pose>
		<truncated>0</truncated>
		<difficult>0</difficult>
		<bndbox>
			<xmin>1617</xmin>
			<ymin>1344</ymin>
			<xmax>1749</xmax>
			<ymax>1491</ymax>
		</bndbox>
	</object>
	<object>
		<name>yeast</name>
		<pose>Unspecified</pose>
		<truncated>0</truncated>
		<difficult>0</difficult>
		<bndbox>
			<xmin>1760</xmin>
			<ymin>1352</ymin>
			<xmax>1897</xmax>
			<ymax>1525</ymax>
		</bndbox>
	</object>
	<object>
		<name>yeast</name>
		<pose>Unspecified</pose>
		<truncated>0</truncated>
		<difficult>0</difficult>
		<bndbox>
			<xmin>1897</xmin>
			<ymin>1421</ymin>
			<xmax>2021</xmax>
			<ymax>1544</ymax>
		</bndbox>
	</object>
	<object>
		<name>yeast</name>
		<pose>Unspecified</pose>
		<truncated>0</truncated>
		<difficult>0</difficult>
		<bndbox>
			<xmin>1539</xmin>
			<ymin>1848</ymin>
			<xmax>1659</xmax>
			<ymax>1985</ymax>
		</bndbox>
	</object>
	<object>
		<name>yeast</name>
		<pose>Unspecified</pose>
		<truncated>0</truncated>
		<difficult>0</difficult>
		<bndbox>
			<xmin>1928</xmin>
			<ymin>1788</ymin>
			<xmax>2059</xmax>
			<ymax>1903</ymax>
		</bndbox>
	</object>
	<object>
		<name>yeast</name>
		<pose>Unspecified</pose>
		<truncated>0</truncated>
		<difficult>0</difficult>
		<bndbox>
			<xmin>1932</xmin>
			<ymin>1599</ymin>
			<xmax>2057</xmax>
			<ymax>1729</ymax>
		</bndbox>
	</object>
	<object>
		<name>yeast</name>
		<pose>Unspecified</pose>
		<truncated>0</truncated>
		<difficult>0</difficult>
		<bndbox>
			<xmin>2237</xmin>
			<ymin>1585</ymin>
			<xmax>2385</xmax>
			<ymax>1719</ymax>
		</bndbox>
	</object>
	<object>
		<name>yeast</name>
		<pose>Unspecified</pose>
		<truncated>0</truncated>
		<difficult>0</difficult>
		<bndbox>
			<xmin>2197</xmin>
			<ymin>1163</ymin>
			<xmax>2324</xmax>
			<ymax>1283</ymax>
		</bndbox>
	</object>
	<object>
		<name>yeast</name>
		<pose>Unspecified</pose>
		<truncated>0</truncated>
		<difficult>0</difficult>
		<bndbox>
			<xmin>2164</xmin>
			<ymin>1029</ymin>
			<xmax>2308</xmax>
			<ymax>1152</ymax>
		</bndbox>
	</object>
	<object>
		<name>yeast</name>
		<pose>Unspecified</pose>
		<truncated>0</truncated>
		<difficult>0</difficult>
		<bndbox>
			<xmin>1788</xmin>
			<ymin>837</ymin>
			<xmax>1927</xmax>
			<ymax>971</ymax>
		</bndbox>
	</object>
	<object>
		<name>yeast</name>
		<pose>Unspecified</pose>
		<truncated>0</truncated>
		<difficult>0</difficult>
		<bndbox>
			<xmin>980</xmin>
			<ymin>1169</ymin>
			<xmax>1103</xmax>
			<ymax>1299</ymax>
		</bndbox>
	</object>
	<object>
		<name>yeast</name>
		<pose>Unspecified</pose>
		<truncated>0</truncated>
		<difficult>0</difficult>
		<bndbox>
			<xmin>963</xmin>
			<ymin>977</ymin>
			<xmax>1087</xmax>
			<ymax>1083</ymax>
		</bndbox>
	</object>
	<object>
		<name>yeast</name>
		<pose>Unspecified</pose>
		<truncated>0</truncated>
		<difficult>0</difficult>
		<bndbox>
			<xmin>1975</xmin>
			<ymin>461</ymin>
			<xmax>2144</xmax>
			<ymax>604</ymax>
		</bndbox>
	</object>
	<object>
		<name>yeast</name>
		<pose>Unspecified</pose>
		<truncated>0</truncated>
		<difficult>0</difficult>
		<bndbox>
			<xmin>2257</xmin>
			<ymin>936</ymin>
			<xmax>2380</xmax>
			<ymax>1073</ymax>
		</bndbox>
	</object>
	<object>
		<name>yeast</name>
		<pose>Unspecified</pose>
		<truncated>0</truncated>
		<difficult>0</difficult>
		<bndbox>
			<xmin>1712</xmin>
			<ymin>244</ymin>
			<xmax>1860</xmax>
			<ymax>379</ymax>
		</bndbox>
	</object>
	<object>
		<name>yeast</name>
		<pose>Unspecified</pose>
		<truncated>0</truncated>
		<difficult>0</difficult>
		<bndbox>
			<xmin>2156</xmin>
			<ymin>136</ymin>
			<xmax>2292</xmax>
			<ymax>284</ymax>
		</bndbox>
	</object>
	<object>
		<name>yeast</name>
		<pose>Unspecified</pose>
		<truncated>0</truncated>
		<difficult>0</difficult>
		<bndbox>
			<xmin>1991</xmin>
			<ymin>113</ymin>
			<xmax>2108</xmax>
			<ymax>233</ymax>
		</bndbox>
	</object>
	<object>
		<name>yeast</name>
		<pose>Unspecified</pose>
		<truncated>0</truncated>
		<difficult>0</difficult>
		<bndbox>
			<xmin>1724</xmin>
			<ymin>547</ymin>
			<xmax>1848</xmax>
			<ymax>649</ymax>
		</bndbox>
	</object>
	<object>
		<name>yeast</name>
		<pose>Unspecified</pose>
		<truncated>0</truncated>
		<difficult>0</difficult>
		<bndbox>
			<xmin>969</xmin>
			<ymin>249</ymin>
			<xmax>1113</xmax>
			<ymax>376</ymax>
		</bndbox>
	</object>
	<object>
		<name>yeast</name>
		<pose>Unspecified</pose>
		<truncated>0</truncated>
		<difficult>0</difficult>
		<bndbox>
			<xmin>1385</xmin>
			<ymin>180</ymin>
			<xmax>1505</xmax>
			<ymax>287</ymax>
		</bndbox>
	</object>
	<object>
		<name>yeast</name>
		<pose>Unspecified</pose>
		<truncated>0</truncated>
		<difficult>0</difficult>
		<bndbox>
			<xmin>827</xmin>
			<ymin>152</ymin>
			<xmax>959</xmax>
			<ymax>289</ymax>
		</bndbox>
	</object>
	<object>
		<name>yeast</name>
		<pose>Unspecified</pose>
		<truncated>0</truncated>
		<difficult>0</difficult>
		<bndbox>
			<xmin>432</xmin>
			<ymin>659</ymin>
			<xmax>575</xmax>
			<ymax>785</ymax>
		</bndbox>
	</object>
	<object>
		<name>yeast</name>
		<pose>Unspecified</pose>
		<truncated>0</truncated>
		<difficult>0</difficult>
		<bndbox>
			<xmin>397</xmin>
			<ymin>117</ymin>
			<xmax>511</xmax>
			<ymax>240</ymax>
		</bndbox>
	</object>
	<object>
		<name>yeast</name>
		<pose>Unspecified</pose>
		<truncated>0</truncated>
		<difficult>0</difficult>
		<bndbox>
			<xmin>216</xmin>
			<ymin>165</ymin>
			<xmax>327</xmax>
			<ymax>285</ymax>
		</bndbox>
	</object>
	<object>
		<name>yeast</name>
		<pose>Unspecified</pose>
		<truncated>0</truncated>
		<difficult>0</difficult>
		<bndbox>
			<xmin>932</xmin>
			<ymin>39</ymin>
			<xmax>1060</xmax>
			<ymax>156</ymax>
		</bndbox>
	</object>
	<object>
		<name>yeast</name>
		<pose>Unspecified</pose>
		<truncated>0</truncated>
		<difficult>0</difficult>
		<bndbox>
			<xmin>629</xmin>
			<ymin>282</ymin>
			<xmax>762</xmax>
			<ymax>422</ymax>
		</bndbox>
	</object>
	<object>
		<name>yeast</name>
		<pose>Unspecified</pose>
		<truncated>0</truncated>
		<difficult>0</difficult>
		<bndbox>
			<xmin>31</xmin>
			<ymin>1507</ymin>
			<xmax>133</xmax>
			<ymax>1605</ymax>
		</bndbox>
	</object>
	<object>
		<name>yeast</name>
		<pose>Unspecified</pose>
		<truncated>0</truncated>
		<difficult>0</difficult>
		<bndbox>
			<xmin>360</xmin>
			<ymin>1773</ymin>
			<xmax>487</xmax>
			<ymax>1909</ymax>
		</bndbox>
	</object>
</annotation>
