<annotation>
	<folder>images</folder>
	<filename>16.jpg</filename>
	<path>E:\yeast\train\images\16.jpg</path>
	<source>
		<database>Unknown</database>
	</source>
	<size>
		<width>1920</width>
		<height>1080</height>
		<depth>3</depth>
	</size>
	<segmented>0</segmented>
	<object>
		<name>yeast</name>
		<pose>Unspecified</pose>
		<truncated>0</truncated>
		<difficult>0</difficult>
		<bndbox>
			<xmin>1185</xmin>
			<ymin>540</ymin>
			<xmax>1263</xmax>
			<ymax>601</ymax>
		</bndbox>
	</object>
	<object>
		<name>yeast</name>
		<pose>Unspecified</pose>
		<truncated>0</truncated>
		<difficult>0</difficult>
		<bndbox>
			<xmin>1379</xmin>
			<ymin>682</ymin>
			<xmax>1445</xmax>
			<ymax>746</ymax>
		</bndbox>
	</object>
	<object>
		<name>yeast</name>
		<pose>Unspecified</pose>
		<truncated>0</truncated>
		<difficult>0</difficult>
		<bndbox>
			<xmin>1258</xmin>
			<ymin>664</ymin>
			<xmax>1305</xmax>
			<ymax>717</ymax>
		</bndbox>
	</object>
	<object>
		<name>yeast</name>
		<pose>Unspecified</pose>
		<truncated>0</truncated>
		<difficult>0</difficult>
		<bndbox>
			<xmin>1240</xmin>
			<ymin>826</ymin>
			<xmax>1310</xmax>
			<ymax>891</ymax>
		</bndbox>
	</object>
	<object>
		<name>yeast</name>
		<pose>Unspecified</pose>
		<truncated>0</truncated>
		<difficult>0</difficult>
		<bndbox>
			<xmin>1501</xmin>
			<ymin>917</ymin>
			<xmax>1546</xmax>
			<ymax>968</ymax>
		</bndbox>
	</object>
	<object>
		<name>yeast</name>
		<pose>Unspecified</pose>
		<truncated>0</truncated>
		<difficult>0</difficult>
		<bndbox>
			<xmin>1522</xmin>
			<ymin>948</ymin>
			<xmax>1576</xmax>
			<ymax>1020</ymax>
		</bndbox>
	</object>
	<object>
		<name>yeast</name>
		<pose>Unspecified</pose>
		<truncated>0</truncated>
		<difficult>0</difficult>
		<bndbox>
			<xmin>1442</xmin>
			<ymin>952</ymin>
			<xmax>1497</xmax>
			<ymax>996</ymax>
		</bndbox>
	</object>
	<object>
		<name>yeast</name>
		<pose>Unspecified</pose>
		<truncated>0</truncated>
		<difficult>0</difficult>
		<bndbox>
			<xmin>964</xmin>
			<ymin>755</ymin>
			<xmax>1017</xmax>
			<ymax>828</ymax>
		</bndbox>
	</object>
	<object>
		<name>yeast</name>
		<pose>Unspecified</pose>
		<truncated>0</truncated>
		<difficult>0</difficult>
		<bndbox>
			<xmin>1110</xmin>
			<ymin>872</ymin>
			<xmax>1176</xmax>
			<ymax>927</ymax>
		</bndbox>
	</object>
	<object>
		<name>yeast</name>
		<pose>Unspecified</pose>
		<truncated>0</truncated>
		<difficult>0</difficult>
		<bndbox>
			<xmin>1189</xmin>
			<ymin>1027</ymin>
			<xmax>1252</xmax>
			<ymax>1076</ymax>
		</bndbox>
	</object>
	<object>
		<name>yeast</name>
		<pose>Unspecified</pose>
		<truncated>0</truncated>
		<difficult>0</difficult>
		<bndbox>
			<xmin>1219</xmin>
			<ymin>724</ymin>
			<xmax>1273</xmax>
			<ymax>780</ymax>
		</bndbox>
	</object>
	<object>
		<name>yeast</name>
		<pose>Unspecified</pose>
		<truncated>0</truncated>
		<difficult>0</difficult>
		<bndbox>
			<xmin>1357</xmin>
			<ymin>372</ymin>
			<xmax>1412</xmax>
			<ymax>419</ymax>
		</bndbox>
	</object>
	<object>
		<name>yeast</name>
		<pose>Unspecified</pose>
		<truncated>0</truncated>
		<difficult>0</difficult>
		<bndbox>
			<xmin>1165</xmin>
			<ymin>437</ymin>
			<xmax>1219</xmax>
			<ymax>486</ymax>
		</bndbox>
	</object>
	<object>
		<name>yeast</name>
		<pose>Unspecified</pose>
		<truncated>0</truncated>
		<difficult>0</difficult>
		<bndbox>
			<xmin>1007</xmin>
			<ymin>554</ymin>
			<xmax>1081</xmax>
			<ymax>616</ymax>
		</bndbox>
	</object>
	<object>
		<name>yeast</name>
		<pose>Unspecified</pose>
		<truncated>0</truncated>
		<difficult>0</difficult>
		<bndbox>
			<xmin>891</xmin>
			<ymin>911</ymin>
			<xmax>951</xmax>
			<ymax>969</ymax>
		</bndbox>
	</object>
	<object>
		<name>yeast</name>
		<pose>Unspecified</pose>
		<truncated>0</truncated>
		<difficult>0</difficult>
		<bndbox>
			<xmin>794</xmin>
			<ymin>911</ymin>
			<xmax>874</xmax>
			<ymax>982</ymax>
		</bndbox>
	</object>
	<object>
		<name>yeast</name>
		<pose>Unspecified</pose>
		<truncated>0</truncated>
		<difficult>0</difficult>
		<bndbox>
			<xmin>618</xmin>
			<ymin>899</ymin>
			<xmax>681</xmax>
			<ymax>964</ymax>
		</bndbox>
	</object>
	<object>
		<name>yeast</name>
		<pose>Unspecified</pose>
		<truncated>0</truncated>
		<difficult>0</difficult>
		<bndbox>
			<xmin>583</xmin>
			<ymin>773</ymin>
			<xmax>644</xmax>
			<ymax>829</ymax>
		</bndbox>
	</object>
	<object>
		<name>yeast</name>
		<pose>Unspecified</pose>
		<truncated>0</truncated>
		<difficult>0</difficult>
		<bndbox>
			<xmin>789</xmin>
			<ymin>686</ymin>
			<xmax>843</xmax>
			<ymax>739</ymax>
		</bndbox>
	</object>
	<object>
		<name>yeast</name>
		<pose>Unspecified</pose>
		<truncated>0</truncated>
		<difficult>0</difficult>
		<bndbox>
			<xmin>731</xmin>
			<ymin>743</ymin>
			<xmax>789</xmax>
			<ymax>812</ymax>
		</bndbox>
	</object>
	<object>
		<name>yeast</name>
		<pose>Unspecified</pose>
		<truncated>0</truncated>
		<difficult>0</difficult>
		<bndbox>
			<xmin>573</xmin>
			<ymin>433</ymin>
			<xmax>624</xmax>
			<ymax>497</ymax>
		</bndbox>
	</object>
	<object>
		<name>yeast</name>
		<pose>Unspecified</pose>
		<truncated>0</truncated>
		<difficult>0</difficult>
		<bndbox>
			<xmin>645</xmin>
			<ymin>461</ymin>
			<xmax>703</xmax>
			<ymax>510</ymax>
		</bndbox>
	</object>
	<object>
		<name>yeast</name>
		<pose>Unspecified</pose>
		<truncated>0</truncated>
		<difficult>0</difficult>
		<bndbox>
			<xmin>357</xmin>
			<ymin>428</ymin>
			<xmax>418</xmax>
			<ymax>492</ymax>
		</bndbox>
	</object>
	<object>
		<name>yeast</name>
		<pose>Unspecified</pose>
		<truncated>0</truncated>
		<difficult>0</difficult>
		<bndbox>
			<xmin>478</xmin>
			<ymin>907</ymin>
			<xmax>544</xmax>
			<ymax>979</ymax>
		</bndbox>
	</object>
	<object>
		<name>yeast</name>
		<pose>Unspecified</pose>
		<truncated>0</truncated>
		<difficult>0</difficult>
		<bndbox>
			<xmin>511</xmin>
			<ymin>953</ymin>
			<xmax>582</xmax>
			<ymax>1025</ymax>
		</bndbox>
	</object>
	<object>
		<name>yeast</name>
		<pose>Unspecified</pose>
		<truncated>0</truncated>
		<difficult>0</difficult>
		<bndbox>
			<xmin>886</xmin>
			<ymin>486</ymin>
			<xmax>957</xmax>
			<ymax>544</ymax>
		</bndbox>
	</object>
	<object>
		<name>yeast</name>
		<pose>Unspecified</pose>
		<truncated>0</truncated>
		<difficult>0</difficult>
		<bndbox>
			<xmin>1501</xmin>
			<ymin>341</ymin>
			<xmax>1572</xmax>
			<ymax>412</ymax>
		</bndbox>
	</object>
	<object>
		<name>yeast</name>
		<pose>Unspecified</pose>
		<truncated>0</truncated>
		<difficult>0</difficult>
		<bndbox>
			<xmin>1490</xmin>
			<ymin>407</ymin>
			<xmax>1553</xmax>
			<ymax>460</ymax>
		</bndbox>
	</object>
	<object>
		<name>yeast</name>
		<pose>Unspecified</pose>
		<truncated>0</truncated>
		<difficult>0</difficult>
		<bndbox>
			<xmin>1305</xmin>
			<ymin>229</ymin>
			<xmax>1374</xmax>
			<ymax>302</ymax>
		</bndbox>
	</object>
	<object>
		<name>yeast</name>
		<pose>Unspecified</pose>
		<truncated>0</truncated>
		<difficult>0</difficult>
		<bndbox>
			<xmin>1518</xmin>
			<ymin>187</ymin>
			<xmax>1578</xmax>
			<ymax>253</ymax>
		</bndbox>
	</object>
	<object>
		<name>yeast</name>
		<pose>Unspecified</pose>
		<truncated>0</truncated>
		<difficult>0</difficult>
		<bndbox>
			<xmin>1313</xmin>
			<ymin>166</ymin>
			<xmax>1369</xmax>
			<ymax>225</ymax>
		</bndbox>
	</object>
	<object>
		<name>yeast</name>
		<pose>Unspecified</pose>
		<truncated>0</truncated>
		<difficult>0</difficult>
		<bndbox>
			<xmin>1102</xmin>
			<ymin>297</ymin>
			<xmax>1165</xmax>
			<ymax>348</ymax>
		</bndbox>
	</object>
	<object>
		<name>yeast</name>
		<pose>Unspecified</pose>
		<truncated>0</truncated>
		<difficult>0</difficult>
		<bndbox>
			<xmin>879</xmin>
			<ymin>153</ymin>
			<xmax>942</xmax>
			<ymax>228</ymax>
		</bndbox>
	</object>
	<object>
		<name>yeast</name>
		<pose>Unspecified</pose>
		<truncated>0</truncated>
		<difficult>0</difficult>
		<bndbox>
			<xmin>472</xmin>
			<ymin>172</ymin>
			<xmax>537</xmax>
			<ymax>242</ymax>
		</bndbox>
	</object>
	<object>
		<name>yeast</name>
		<pose>Unspecified</pose>
		<truncated>0</truncated>
		<difficult>0</difficult>
		<bndbox>
			<xmin>365</xmin>
			<ymin>252</ymin>
			<xmax>423</xmax>
			<ymax>318</ymax>
		</bndbox>
	</object>
	<object>
		<name>yeast</name>
		<pose>Unspecified</pose>
		<truncated>0</truncated>
		<difficult>0</difficult>
		<bndbox>
			<xmin>707</xmin>
			<ymin>242</ymin>
			<xmax>761</xmax>
			<ymax>291</ymax>
		</bndbox>
	</object>
	<object>
		<name>yeast</name>
		<pose>Unspecified</pose>
		<truncated>0</truncated>
		<difficult>0</difficult>
		<bndbox>
			<xmin>780</xmin>
			<ymin>48</ymin>
			<xmax>840</xmax>
			<ymax>103</ymax>
		</bndbox>
	</object>
	<object>
		<name>yeast</name>
		<pose>Unspecified</pose>
		<truncated>0</truncated>
		<difficult>0</difficult>
		<bndbox>
			<xmin>1479</xmin>
			<ymin>154</ymin>
			<xmax>1530</xmax>
			<ymax>203</ymax>
		</bndbox>
	</object>
	<object>
		<name>yeast</name>
		<pose>Unspecified</pose>
		<truncated>0</truncated>
		<difficult>0</difficult>
		<bndbox>
			<xmin>940</xmin>
			<ymin>136</ymin>
			<xmax>1001</xmax>
			<ymax>186</ymax>
		</bndbox>
	</object>
	<object>
		<name>yeast</name>
		<pose>Unspecified</pose>
		<truncated>0</truncated>
		<difficult>0</difficult>
		<bndbox>
			<xmin>947</xmin>
			<ymin>81</ymin>
			<xmax>1021</xmax>
			<ymax>138</ymax>
		</bndbox>
	</object>
	<object>
		<name>yeast</name>
		<pose>Unspecified</pose>
		<truncated>0</truncated>
		<difficult>0</difficult>
		<bndbox>
			<xmin>665</xmin>
			<ymin>192</ymin>
			<xmax>723</xmax>
			<ymax>256</ymax>
		</bndbox>
	</object>
	<object>
		<name>yeast</name>
		<pose>Unspecified</pose>
		<truncated>0</truncated>
		<difficult>0</difficult>
		<bndbox>
			<xmin>1045</xmin>
			<ymin>56</ymin>
			<xmax>1110</xmax>
			<ymax>126</ymax>
		</bndbox>
	</object>
</annotation>
