<annotation>
	<folder>images</folder>
	<filename>18.jpg</filename>
	<path>E:\yeast\train\images\18.jpg</path>
	<source>
		<database>Unknown</database>
	</source>
	<size>
		<width>1920</width>
		<height>1080</height>
		<depth>3</depth>
	</size>
	<segmented>0</segmented>
	<object>
		<name>yeast</name>
		<pose>Unspecified</pose>
		<truncated>0</truncated>
		<difficult>0</difficult>
		<bndbox>
			<xmin>683</xmin>
			<ymin>488</ymin>
			<xmax>746</xmax>
			<ymax>552</ymax>
		</bndbox>
	</object>
	<object>
		<name>yeast</name>
		<pose>Unspecified</pose>
		<truncated>0</truncated>
		<difficult>0</difficult>
		<bndbox>
			<xmin>858</xmin>
			<ymin>582</ymin>
			<xmax>919</xmax>
			<ymax>658</ymax>
		</bndbox>
	</object>
	<object>
		<name>yeast</name>
		<pose>Unspecified</pose>
		<truncated>0</truncated>
		<difficult>0</difficult>
		<bndbox>
			<xmin>554</xmin>
			<ymin>675</ymin>
			<xmax>636</xmax>
			<ymax>744</ymax>
		</bndbox>
	</object>
	<object>
		<name>yeast</name>
		<pose>Unspecified</pose>
		<truncated>0</truncated>
		<difficult>0</difficult>
		<bndbox>
			<xmin>472</xmin>
			<ymin>741</ymin>
			<xmax>540</xmax>
			<ymax>814</ymax>
		</bndbox>
	</object>
	<object>
		<name>yeast</name>
		<pose>Unspecified</pose>
		<truncated>1</truncated>
		<difficult>0</difficult>
		<bndbox>
			<xmin>745</xmin>
			<ymin>1009</ymin>
			<xmax>833</xmax>
			<ymax>1080</ymax>
		</bndbox>
	</object>
	<object>
		<name>yeast</name>
		<pose>Unspecified</pose>
		<truncated>0</truncated>
		<difficult>0</difficult>
		<bndbox>
			<xmin>1150</xmin>
			<ymin>739</ymin>
			<xmax>1222</xmax>
			<ymax>829</ymax>
		</bndbox>
	</object>
	<object>
		<name>yeast</name>
		<pose>Unspecified</pose>
		<truncated>0</truncated>
		<difficult>0</difficult>
		<bndbox>
			<xmin>1349</xmin>
			<ymin>758</ymin>
			<xmax>1435</xmax>
			<ymax>834</ymax>
		</bndbox>
	</object>
	<object>
		<name>yeast</name>
		<pose>Unspecified</pose>
		<truncated>0</truncated>
		<difficult>0</difficult>
		<bndbox>
			<xmin>1144</xmin>
			<ymin>916</ymin>
			<xmax>1222</xmax>
			<ymax>999</ymax>
		</bndbox>
	</object>
	<object>
		<name>yeast</name>
		<pose>Unspecified</pose>
		<truncated>0</truncated>
		<difficult>0</difficult>
		<bndbox>
			<xmin>1469</xmin>
			<ymin>788</ymin>
			<xmax>1555</xmax>
			<ymax>867</ymax>
		</bndbox>
	</object>
	<object>
		<name>yeast</name>
		<pose>Unspecified</pose>
		<truncated>0</truncated>
		<difficult>0</difficult>
		<bndbox>
			<xmin>1203</xmin>
			<ymin>588</ymin>
			<xmax>1265</xmax>
			<ymax>655</ymax>
		</bndbox>
	</object>
	<object>
		<name>yeast</name>
		<pose>Unspecified</pose>
		<truncated>0</truncated>
		<difficult>0</difficult>
		<bndbox>
			<xmin>1137</xmin>
			<ymin>568</ymin>
			<xmax>1205</xmax>
			<ymax>646</ymax>
		</bndbox>
	</object>
	<object>
		<name>yeast</name>
		<pose>Unspecified</pose>
		<truncated>0</truncated>
		<difficult>0</difficult>
		<bndbox>
			<xmin>1206</xmin>
			<ymin>405</ymin>
			<xmax>1270</xmax>
			<ymax>480</ymax>
		</bndbox>
	</object>
	<object>
		<name>yeast</name>
		<pose>Unspecified</pose>
		<truncated>0</truncated>
		<difficult>0</difficult>
		<bndbox>
			<xmin>1360</xmin>
			<ymin>132</ymin>
			<xmax>1422</xmax>
			<ymax>192</ymax>
		</bndbox>
	</object>
	<object>
		<name>yeast</name>
		<pose>Unspecified</pose>
		<truncated>0</truncated>
		<difficult>0</difficult>
		<bndbox>
			<xmin>1166</xmin>
			<ymin>175</ymin>
			<xmax>1218</xmax>
			<ymax>235</ymax>
		</bndbox>
	</object>
	<object>
		<name>yeast</name>
		<pose>Unspecified</pose>
		<truncated>0</truncated>
		<difficult>0</difficult>
		<bndbox>
			<xmin>1061</xmin>
			<ymin>109</ymin>
			<xmax>1126</xmax>
			<ymax>182</ymax>
		</bndbox>
	</object>
	<object>
		<name>yeast</name>
		<pose>Unspecified</pose>
		<truncated>0</truncated>
		<difficult>0</difficult>
		<bndbox>
			<xmin>1134</xmin>
			<ymin>16</ymin>
			<xmax>1196</xmax>
			<ymax>99</ymax>
		</bndbox>
	</object>
	<object>
		<name>yeast</name>
		<pose>Unspecified</pose>
		<truncated>0</truncated>
		<difficult>0</difficult>
		<bndbox>
			<xmin>679</xmin>
			<ymin>48</ymin>
			<xmax>751</xmax>
			<ymax>113</ymax>
		</bndbox>
	</object>
	<object>
		<name>yeast</name>
		<pose>Unspecified</pose>
		<truncated>0</truncated>
		<difficult>0</difficult>
		<bndbox>
			<xmin>368</xmin>
			<ymin>118</ymin>
			<xmax>430</xmax>
			<ymax>177</ymax>
		</bndbox>
	</object>
	<object>
		<name>yeast</name>
		<pose>Unspecified</pose>
		<truncated>0</truncated>
		<difficult>0</difficult>
		<bndbox>
			<xmin>762</xmin>
			<ymin>100</ymin>
			<xmax>843</xmax>
			<ymax>171</ymax>
		</bndbox>
	</object>
	<object>
		<name>yeast</name>
		<pose>Unspecified</pose>
		<truncated>0</truncated>
		<difficult>0</difficult>
		<bndbox>
			<xmin>1104</xmin>
			<ymin>721</ymin>
			<xmax>1166</xmax>
			<ymax>789</ymax>
		</bndbox>
	</object>
	<object>
		<name>yeast</name>
		<pose>Unspecified</pose>
		<truncated>0</truncated>
		<difficult>0</difficult>
		<bndbox>
			<xmin>1026</xmin>
			<ymin>884</ymin>
			<xmax>1107</xmax>
			<ymax>953</ymax>
		</bndbox>
	</object>
	<object>
		<name>yeast</name>
		<pose>Unspecified</pose>
		<truncated>0</truncated>
		<difficult>0</difficult>
		<bndbox>
			<xmin>1358</xmin>
			<ymin>993</ymin>
			<xmax>1444</xmax>
			<ymax>1079</ymax>
		</bndbox>
	</object>
	<object>
		<name>yeast</name>
		<pose>Unspecified</pose>
		<truncated>0</truncated>
		<difficult>0</difficult>
		<bndbox>
			<xmin>916</xmin>
			<ymin>20</ymin>
			<xmax>994</xmax>
			<ymax>90</ymax>
		</bndbox>
	</object>
</annotation>
