<annotation>
	<folder>images</folder>
	<filename>21.jpg</filename>
	<path>E:\yeast\train\images\21.jpg</path>
	<source>
		<database>Unknown</database>
	</source>
	<size>
		<width>1920</width>
		<height>1080</height>
		<depth>3</depth>
	</size>
	<segmented>0</segmented>
	<object>
		<name>yeast</name>
		<pose>Unspecified</pose>
		<truncated>0</truncated>
		<difficult>0</difficult>
		<bndbox>
			<xmin>683</xmin>
			<ymin>492</ymin>
			<xmax>741</xmax>
			<ymax>554</ymax>
		</bndbox>
	</object>
	<object>
		<name>yeast</name>
		<pose>Unspecified</pose>
		<truncated>0</truncated>
		<difficult>0</difficult>
		<bndbox>
			<xmin>858</xmin>
			<ymin>586</ymin>
			<xmax>918</xmax>
			<ymax>658</ymax>
		</bndbox>
	</object>
	<object>
		<name>yeast</name>
		<pose>Unspecified</pose>
		<truncated>0</truncated>
		<difficult>0</difficult>
		<bndbox>
			<xmin>515</xmin>
			<ymin>125</ymin>
			<xmax>598</xmax>
			<ymax>222</ymax>
		</bndbox>
	</object>
	<object>
		<name>yeast</name>
		<pose>Unspecified</pose>
		<truncated>0</truncated>
		<difficult>0</difficult>
		<bndbox>
			<xmin>677</xmin>
			<ymin>52</ymin>
			<xmax>750</xmax>
			<ymax>114</ymax>
		</bndbox>
	</object>
	<object>
		<name>yeast</name>
		<pose>Unspecified</pose>
		<truncated>0</truncated>
		<difficult>0</difficult>
		<bndbox>
			<xmin>1058</xmin>
			<ymin>108</ymin>
			<xmax>1125</xmax>
			<ymax>181</ymax>
		</bndbox>
	</object>
	<object>
		<name>yeast</name>
		<pose>Unspecified</pose>
		<truncated>0</truncated>
		<difficult>0</difficult>
		<bndbox>
			<xmin>1135</xmin>
			<ymin>18</ymin>
			<xmax>1192</xmax>
			<ymax>93</ymax>
		</bndbox>
	</object>
	<object>
		<name>yeast</name>
		<pose>Unspecified</pose>
		<truncated>0</truncated>
		<difficult>0</difficult>
		<bndbox>
			<xmin>1165</xmin>
			<ymin>177</ymin>
			<xmax>1220</xmax>
			<ymax>233</ymax>
		</bndbox>
	</object>
	<object>
		<name>yeast</name>
		<pose>Unspecified</pose>
		<truncated>0</truncated>
		<difficult>0</difficult>
		<bndbox>
			<xmin>1361</xmin>
			<ymin>140</ymin>
			<xmax>1418</xmax>
			<ymax>193</ymax>
		</bndbox>
	</object>
	<object>
		<name>yeast</name>
		<pose>Unspecified</pose>
		<truncated>0</truncated>
		<difficult>0</difficult>
		<bndbox>
			<xmin>1206</xmin>
			<ymin>408</ymin>
			<xmax>1270</xmax>
			<ymax>481</ymax>
		</bndbox>
	</object>
	<object>
		<name>yeast</name>
		<pose>Unspecified</pose>
		<truncated>0</truncated>
		<difficult>0</difficult>
		<bndbox>
			<xmin>1202</xmin>
			<ymin>591</ymin>
			<xmax>1260</xmax>
			<ymax>654</ymax>
		</bndbox>
	</object>
	<object>
		<name>yeast</name>
		<pose>Unspecified</pose>
		<truncated>0</truncated>
		<difficult>0</difficult>
		<bndbox>
			<xmin>1138</xmin>
			<ymin>568</ymin>
			<xmax>1204</xmax>
			<ymax>642</ymax>
		</bndbox>
	</object>
	<object>
		<name>yeast</name>
		<pose>Unspecified</pose>
		<truncated>0</truncated>
		<difficult>0</difficult>
		<bndbox>
			<xmin>1349</xmin>
			<ymin>759</ymin>
			<xmax>1432</xmax>
			<ymax>832</ymax>
		</bndbox>
	</object>
	<object>
		<name>yeast</name>
		<pose>Unspecified</pose>
		<truncated>0</truncated>
		<difficult>0</difficult>
		<bndbox>
			<xmin>1145</xmin>
			<ymin>917</ymin>
			<xmax>1218</xmax>
			<ymax>995</ymax>
		</bndbox>
	</object>
	<object>
		<name>yeast</name>
		<pose>Unspecified</pose>
		<truncated>0</truncated>
		<difficult>0</difficult>
		<bndbox>
			<xmin>1469</xmin>
			<ymin>788</ymin>
			<xmax>1557</xmax>
			<ymax>867</ymax>
		</bndbox>
	</object>
	<object>
		<name>yeast</name>
		<pose>Unspecified</pose>
		<truncated>0</truncated>
		<difficult>0</difficult>
		<bndbox>
			<xmin>472</xmin>
			<ymin>742</ymin>
			<xmax>543</xmax>
			<ymax>813</ymax>
		</bndbox>
	</object>
	<object>
		<name>yeast</name>
		<pose>Unspecified</pose>
		<truncated>0</truncated>
		<difficult>0</difficult>
		<bndbox>
			<xmin>342</xmin>
			<ymin>952</ymin>
			<xmax>421</xmax>
			<ymax>1039</ymax>
		</bndbox>
	</object>
	<object>
		<name>yeast</name>
		<pose>Unspecified</pose>
		<truncated>0</truncated>
		<difficult>0</difficult>
		<bndbox>
			<xmin>1150</xmin>
			<ymin>740</ymin>
			<xmax>1225</xmax>
			<ymax>831</ymax>
		</bndbox>
	</object>
	<object>
		<name>yeast</name>
		<pose>Unspecified</pose>
		<truncated>0</truncated>
		<difficult>0</difficult>
		<bndbox>
			<xmin>764</xmin>
			<ymin>102</ymin>
			<xmax>845</xmax>
			<ymax>172</ymax>
		</bndbox>
	</object>
</annotation>
