<annotation>
	<folder>images</folder>
	<filename>24.jpg</filename>
	<path>E:\yeast\train\images\24.jpg</path>
	<source>
		<database>Unknown</database>
	</source>
	<size>
		<width>1920</width>
		<height>1080</height>
		<depth>3</depth>
	</size>
	<segmented>0</segmented>
	<object>
		<name>yeast</name>
		<pose>Unspecified</pose>
		<truncated>0</truncated>
		<difficult>0</difficult>
		<bndbox>
			<xmin>916</xmin>
			<ymin>483</ymin>
			<xmax>982</xmax>
			<ymax>547</ymax>
		</bndbox>
	</object>
	<object>
		<name>yeast</name>
		<pose>Unspecified</pose>
		<truncated>0</truncated>
		<difficult>0</difficult>
		<bndbox>
			<xmin>800</xmin>
			<ymin>630</ymin>
			<xmax>887</xmax>
			<ymax>708</ymax>
		</bndbox>
	</object>
	<object>
		<name>yeast</name>
		<pose>Unspecified</pose>
		<truncated>0</truncated>
		<difficult>0</difficult>
		<bndbox>
			<xmin>655</xmin>
			<ymin>719</ymin>
			<xmax>735</xmax>
			<ymax>794</ymax>
		</bndbox>
	</object>
	<object>
		<name>yeast</name>
		<pose>Unspecified</pose>
		<truncated>0</truncated>
		<difficult>0</difficult>
		<bndbox>
			<xmin>444</xmin>
			<ymin>995</ymin>
			<xmax>527</xmax>
			<ymax>1079</ymax>
		</bndbox>
	</object>
	<object>
		<name>yeast</name>
		<pose>Unspecified</pose>
		<truncated>0</truncated>
		<difficult>0</difficult>
		<bndbox>
			<xmin>411</xmin>
			<ymin>907</ymin>
			<xmax>489</xmax>
			<ymax>984</ymax>
		</bndbox>
	</object>
	<object>
		<name>yeast</name>
		<pose>Unspecified</pose>
		<truncated>0</truncated>
		<difficult>0</difficult>
		<bndbox>
			<xmin>904</xmin>
			<ymin>899</ymin>
			<xmax>967</xmax>
			<ymax>955</ymax>
		</bndbox>
	</object>
	<object>
		<name>yeast</name>
		<pose>Unspecified</pose>
		<truncated>0</truncated>
		<difficult>0</difficult>
		<bndbox>
			<xmin>1103</xmin>
			<ymin>895</ymin>
			<xmax>1174</xmax>
			<ymax>968</ymax>
		</bndbox>
	</object>
	<object>
		<name>yeast</name>
		<pose>Unspecified</pose>
		<truncated>0</truncated>
		<difficult>0</difficult>
		<bndbox>
			<xmin>1191</xmin>
			<ymin>827</ymin>
			<xmax>1270</xmax>
			<ymax>901</ymax>
		</bndbox>
	</object>
	<object>
		<name>yeast</name>
		<pose>Unspecified</pose>
		<truncated>0</truncated>
		<difficult>0</difficult>
		<bndbox>
			<xmin>1488</xmin>
			<ymin>732</ymin>
			<xmax>1554</xmax>
			<ymax>813</ymax>
		</bndbox>
	</object>
	<object>
		<name>yeast</name>
		<pose>Unspecified</pose>
		<truncated>0</truncated>
		<difficult>0</difficult>
		<bndbox>
			<xmin>1323</xmin>
			<ymin>645</ymin>
			<xmax>1384</xmax>
			<ymax>711</ymax>
		</bndbox>
	</object>
	<object>
		<name>yeast</name>
		<pose>Unspecified</pose>
		<truncated>0</truncated>
		<difficult>0</difficult>
		<bndbox>
			<xmin>984</xmin>
			<ymin>283</ymin>
			<xmax>1046</xmax>
			<ymax>341</ymax>
		</bndbox>
	</object>
	<object>
		<name>yeast</name>
		<pose>Unspecified</pose>
		<truncated>0</truncated>
		<difficult>0</difficult>
		<bndbox>
			<xmin>1145</xmin>
			<ymin>275</ymin>
			<xmax>1223</xmax>
			<ymax>377</ymax>
		</bndbox>
	</object>
	<object>
		<name>yeast</name>
		<pose>Unspecified</pose>
		<truncated>0</truncated>
		<difficult>0</difficult>
		<bndbox>
			<xmin>439</xmin>
			<ymin>275</ymin>
			<xmax>509</xmax>
			<ymax>340</ymax>
		</bndbox>
	</object>
	<object>
		<name>yeast</name>
		<pose>Unspecified</pose>
		<truncated>0</truncated>
		<difficult>0</difficult>
		<bndbox>
			<xmin>484</xmin>
			<ymin>233</ymin>
			<xmax>559</xmax>
			<ymax>302</ymax>
		</bndbox>
	</object>
	<object>
		<name>yeast</name>
		<pose>Unspecified</pose>
		<truncated>0</truncated>
		<difficult>0</difficult>
		<bndbox>
			<xmin>622</xmin>
			<ymin>271</ymin>
			<xmax>674</xmax>
			<ymax>331</ymax>
		</bndbox>
	</object>
	<object>
		<name>yeast</name>
		<pose>Unspecified</pose>
		<truncated>0</truncated>
		<difficult>0</difficult>
		<bndbox>
			<xmin>796</xmin>
			<ymin>99</ymin>
			<xmax>863</xmax>
			<ymax>167</ymax>
		</bndbox>
	</object>
	<object>
		<name>yeast</name>
		<pose>Unspecified</pose>
		<truncated>0</truncated>
		<difficult>0</difficult>
		<bndbox>
			<xmin>942</xmin>
			<ymin>135</ymin>
			<xmax>1001</xmax>
			<ymax>196</ymax>
		</bndbox>
	</object>
	<object>
		<name>yeast</name>
		<pose>Unspecified</pose>
		<truncated>0</truncated>
		<difficult>0</difficult>
		<bndbox>
			<xmin>1315</xmin>
			<ymin>202</ymin>
			<xmax>1385</xmax>
			<ymax>263</ymax>
		</bndbox>
	</object>
	<object>
		<name>yeast</name>
		<pose>Unspecified</pose>
		<truncated>0</truncated>
		<difficult>0</difficult>
		<bndbox>
			<xmin>1134</xmin>
			<ymin>106</ymin>
			<xmax>1211</xmax>
			<ymax>177</ymax>
		</bndbox>
	</object>
	<object>
		<name>yeast</name>
		<pose>Unspecified</pose>
		<truncated>0</truncated>
		<difficult>0</difficult>
		<bndbox>
			<xmin>1398</xmin>
			<ymin>249</ymin>
			<xmax>1472</xmax>
			<ymax>319</ymax>
		</bndbox>
	</object>
</annotation>
